pdbid,smiles
2pzv,OC1CCCCC1
2q3c,CC[C@H](C)[C@H](NC(O)[C@H](CO)NC(O)[C@H](CC1CCCCC1)NC(O)[C@@H]([NH3+])CC(O)O)C(O)O
2idz,NC1NCNC2C1NCN2[C@@H]1O[C@H](CO[PH](O)(O)O[PH](O)(O)OC[C@H]2O[C@@H](N3CC[C@H]([C@@H](O)C4CCNCC4)[C@@H]([C@@H](N)O)C3)[C@H](O)[C@@H]2O)[C@@H](O)[C@H]1O
3ene,CN1N[C@@H](C2CCC3CCCCC3C2)C2C(N)NCNC21
2vhw,NC1NCNC2C1NCN2[C@@H]1O[C@H](CO[PH](O)(O)O[PH](O)(O)OC[C@H]2O[C@@H](N3CCC[C@H](C(N)O)C3)[C@H](O)[C@@H]2O)[C@@H](O)[C@H]1O
2qeh,[NH3+]CCC1CNC2CCC(O)CC12
2pog,OC1CCC([C@@H]2OC3CCCC(O)C3[C@@H]3CCC[C@H]23)CC1
3f4j,[NH3+]CC(O)O
2qvu,OC[C@@]1(O[PH](O)(O)O)O[C@H](CO[PH](O)(O)O)[C@@H](O)[C@@H]1O
2add,OC[C@H]1O[C@H](O[C@]2(CO)O[C@H](CO)[C@@H](O)[C@@H]2O)[C@H](O)[C@@H](O)[C@@H]1O
2v7t,NC1NCNC2C1NCN2[C@@H]1O[C@H](CSCC[C@H]([NH3+])C(O)O)[C@@H](O)[C@H]1O
2qbr,OC(O)COC1C(Br)C(C2CCCC(NCC3CCCCC3)C2)SC1C(O)O
2p4y,COC1CCC2C(C1)ONC2C1C2CCC(OC(F)(F)F)CC2N(CC2CC(O[C@H](C)C(O)O)CCC2Cl)C1C
3bgz,OC(O)[C@H]1CCCC2C1NC(C1CCCCC1)[C@@H]2C1CCCCC1
2pjo,CNC(N)O
2p3t,CNC1NCCN1CC1CSC(C(O)NC2C(OC)CC(Cl)CC2C(O)NC2CC[C@@H](Cl)CN2)C1Cl
1w6o,OC[C@H]1O[C@@H](O)[C@H](O)[C@@H](O)[C@@H]1O[C@@H]1O[C@H](CO)[C@H](O)[C@H](O)[C@H]1O
2vkm,COC1CCCC(C[NH2+]C[C@@H](O)[C@H](CC2CCCCC2)NC(O)C2CC(C(O)N[C@H](C)C3CCCCC3)CC(N(C)S(C)(O)O)C2)C1
2cjp,CCCC(CCC)C(N)O
2qnq,OS(O)(C1CCCCC1Cl)N(CC1CCCCC1)[C@H]1C[NH2+]C[C@@H]1N(CC1CCCCC1)S(O)(O)C1CCCCC1Cl
2ilz,NC1NC(O)C2NCN([C@@H]3O[C@H](CO[PH](O)(O)O[PH](O)(O)O[PH](O)(O)O)[C@@H](O)[C@H]3O)C2N1
2v8q,NC1NCNC2C1NCN2[C@@H]1O[C@H](CO[PH](O)(O)O)[C@@H](O)[C@H]1O
2ou0,CN1CCCC1
2z8f,CC(O)N[C@H]1[C@H](O[C@H]2[C@@H](O)[C@@H](CO)O[C@@H](O[C@@H]3[C@@H](CO)O[C@@H](O)[C@H](O)[C@H]3O)[C@@H]2O)O[C@H](CO)[C@@H](O)[C@@H]1O[C@@H]1O[C@H](CO)[C@H](O)[C@H](O)[C@H]1O
3f3d,CSCC[C@H]([NH3+])C(O)O
2jdy,CO[C@H]1O[C@H](CO)[C@@H](O)[C@H](O)[C@@H]1O
2jdu,CO[C@@H]1O[C@@H](C)[C@@H](O)[C@@H](O)[C@@H]1O
2bbf,NC1NC(O)C2CC3NCNC3CC2N1
2v7v,NC1NCNC2C1NCN2[C@@H]1O[C@H](CF)[C@@H](O)[C@H]1O
2v7u,C[S@@H](CC[C@H]([NH3+])C(O)O)C[C@H]1O[C@@H](N2CNC3C(N)NCNC32)[C@H](O)[C@@H]1O
2jgb,CN1CN([C@@H]2O[C@H](CO[PH](O)(O)O[PH](O)(O)O[PH](O)(O)O)[C@@H](O)[C@H]2O)C2NC(N)NC(O)C21
2qmj,C[C@H]1O[C@H](O[C@@H]2[C@@H](CO)O[C@H](O[C@@H]3[C@@H](CO)O[C@H](O)[C@H](O)[C@H]3O)[C@H](O)[C@H]2O)[C@H](O)[C@@H](O)[C@@H]1[NH2+][C@H]1CC(CO)[C@@H](O)[C@H](O)[C@H]1O
1vso,CC(C)(C)C1ONC(OC[PH](O)(O)O)C1C[C@H]([NH3+])C(O)O
2r3d,CC(N)O
2otz,CNC1CCCCC1
2zlz,[NH3+][C@@H](CCC(O)O)C(O)O
2v8y,NC1NC(O)C2C(N1)N([C@@H]1O[C@H](CO[PH](O)(O)O)[C@@H](O)[C@H]1O)CN2CC1CCC(F)CC1
2vw5,CO[C@H]1C[C@H](C)CC2CC(O)CC(C2)NC(O)[C@@H](C)CCC[C@H](C)[C@@H](OC(N)O)C(C)C[C@H](C)[C@H]1O
2rde,NC1NC(O)C2NCN([C@@H]3O[C@@H]4CO[PH](O)(O)O[C@@H]5[C@@H](CO[PH](O)(O)O[C@H]4[C@H]3O)O[C@@H](N3CNC4C(O)NC(N)NC43)[C@@H]5O)C2N1
2b3f,OC[C@H]1O[C@@H](O)[C@H](O)[C@@H](O)[C@H]1O
1ukb,OC(O)C1CCCCC1
2q6m,C[NH+](C)C[C@H](O)NC1CCC2NC(O)[C@@H]3CCCCC3C2C1
2ihk,CC(O)N[C@@H]1[C@@H](O)[C@H](F)[C@@](O[PH](O)(O)OC[C@H]2O[C@@H](N3CCC(N)NC3O)[C@H](O)[C@@H]2O)(C(O)O)O[C@H]1[C@H](O)[C@H](O)CO
2jff,CCCCOC1CCC2CC(S(O)(O)N[C@H](CCC(O)O)C(O)O)CCC2C1
2qbq,CC1(C)CC(NC2CCC[C@H](C3S[C@H](C(O)O)[C@@H](OCC(O)O)C3Br)C2)CC(C)(C)C1
2rca,[NH3+]CC(O)O
2arb,CC(O)N[C@H]1[C@H](O[C@@H]2[C@@H](O)O[C@H](CO)[C@@H](O)[C@@H]2O)O[C@H](CO)[C@@H](O)[C@@H]1O
1uto,[NH3+]CCC1CCCCC1
3c7i,CNC(O)C[C@@H](C[C@H]1CC[C@@H](O[PH](O)(O)O)CC1)C(O)N[C@@H](C(C)C)C(O)N[C@@H](CC(N)O)C(N)O
3e92,CC1NNC(C2CCC(C3CC([C@@H](O)NC4CC4)CCC3C)C(C)C2)O1
2are,OC[C@H]1O[C@H](O)[C@@H](O)[C@@H](O)[C@@H]1O
